カテゴリー 1,カテゴリー 2,key,イカリング2,,日本語,ブキ（短）,サブウェポン,スペシャル,メインウェポン,同一性能, メイン性能アップ,Deutsch,English (EU/OC),English (NA),Español (EU),Español (LA),Français (EU),Français (NA),Italiano,Nederlands,Русский,简体中文,繁體中文
シューター,シューター,52gal,50,,.52ガロン,52, ポイントセンサー, イカスフィア, .52ガロン, .52ガロン,ジャンプ時のブレ軽減,.52 Gallon,.52 Gal,.52 Gal,Salpicadora 2000,Salpicadora 2000,Calibre 2000,Calibre 2000,Calibro 2000,.52 Kaliter,Струевик .52,点52口径重枪,點52口徑重槍
シューター,シューター,52gal_becchu,52,,.52ガロンベッチュー,別注52, スプラッシュシールド, ナイスダマ, .52ガロン, .52ガロンベッチュー,ジャンプ時のブレ軽減,Kensa-.52-Gallon,Kensa .52 Gal,Kensa .52 Gal,Salpicadora 2000 elegante,Salpicadora 2000 Tonken,Calibre 2000 K,Calibre 2000 Thony K,Calibro 2000 Nero Marlin,Toni Kensa .52 Kaliter,Струевик .52 от С. Кусаки,剑乌贼丸贴牌点52口径重枪,劍烏賊丸貼牌點52口徑重槍
シューター,シューター,52gal_deco,51,,.52ガロンデコ,52デコ, カーリングボム, ハイパープレッサー, .52ガロン, .52ガロンデコ,ジャンプ時のブレ軽減,.52 Gallon Deko,.52 Gal Deco,.52 Gal Deco,Salpicadora 2000 DX,Salpicadora 2000 chic,Calibre 2000 chic,Calibre 2000 chic,Calibro 2000 DX,.52 Kaliter Deco,Струевик .52 «Деко»,点52口径重枪 Deco,點52口徑重槍 Deco
シューター,シューター,96gal,80,,.96ガロン,96, スプリンクラー, インクアーマー, .96ガロン, .96ガロン,ダメージアップ,.96 Gallon,.96 Gal,.96 Gal,Salpicadora 3000,Salpicadora 3000,Calibre 3000,Calibre 3000,Calibro 3000,.96 Kaliter,Струевик .96,点96口径重枪,點96口徑重槍
シューター,シューター,96gal_deco,81,,.96ガロンデコ,96デコ, スプラッシュシールド, スーパーチャクチ, .96ガロン, .96ガロンデコ,ダメージアップ,.96 Gallon Deko,.96 Gal Deco,.96 Gal Deco,Salpicadora 3000 DX,Salpicadora 3000 chic,Calibre 3000 chic,Calibre 3000 chic,Calibro 3000 DX,.96 Kaliter Deco,Струевик .96 «Деко»,点96口径重枪 Deco,點96口徑重槍 Deco
シューター,シューター,bold,0,,ボールドマーカー,ボールド, カーリングボム, スーパーチャクチ, ボールドマーカー, ボールドマーカー,ダメージアップ,Disperser,Sploosh-o-matic,Sploosh-o-matic,Marcador,Marcador grueso,Marqueur lourd,Marqueur lourd,Marker,Spettertuit,Плюхотрон,喇叭枪,喇叭槍
シューター,シューター,bold_7,2,,ボールドマーカー7,ボルシチ, スプラッシュボム, ウルトラハンコ, ボールドマーカー, ボールドマーカー7,ダメージアップ,Disperser 7,Sploosh-o-matic 7,Sploosh-o-matic 7,Marcador versátil,Marcador grueso 7,Marqueur lourd 7,Marqueur lourd 7,Marker multi,Spettertuit 7,Плюхотрон-7,贴牌喇叭枪,貼牌喇叭槍
シューター,シューター,bold_neo,1,,ボールドマーカーネオ,ボルネオ, ジャンプビーコン, マルチミサイル, ボールドマーカー, ボールドマーカーネオ,ダメージアップ,Disperser Neo,Neo Sploosh-o-matic,Neo Sploosh-o-matic,Marcador neo,Marcador grueso neo,Marqueur lourd Néo,Marqueur lourd néo,Marker Neo,Spettertuit Neo,Плюхотрон «Нео»,新式喇叭枪,新式喇叭槍
シューター,シューター,bottlegeyser,400,,ボトルガイザー,ボトル, スプラッシュシールド, ハイパープレッサー, ボトルガイザー, ボトルガイザー,ダメージアップ,Quetscher,Squeezer,Squeezer,Tintopresor,Tintopresor,Compresseur,Compresseur,Strizzer,Floeper,Бутылятор,香槟枪,香檳槍
シューター,シューター,bottlegeyser_foil,401,,ボトルガイザーフォイル,ボトフォイ, スプラッシュボム, バブルランチャー, ボトルガイザー, ボトルガイザーフォイル,ダメージアップ,Quetscher Fol,Foil Squeezer,Foil Squeezer,Tintopresor B,Tintopresor Foil,Compresseur alu,Compresseur aluminium,Strizzer B,Foil Floeper,Бутылятор «Блеск»,金箔香槟枪,金箔香檳槍
シューター,シューター,heroshooter_replica,45,,ヒーローシューター レプリカ,ヒロシ, クイックボム, スーパーチャクチ, スプラシューター, スプラシューター,ジャンプ時のブレ軽減,Heldenwaffe Replik,Hero Shot Replica,Hero Shot Replica,Pistola de Élite (réplica),Rociador de élite réplica,Lanceur héroïque (réplique),Liquéfi. héroïque (rép.),Pistola élite replica,Heldenspetter (replica),Каплестрел-004 (клон),复刻英雄枪,復刻英雄槍
シューター,シューター,jetsweeper,90,,ジェットスイーパー,ジェット, ポイズンミスト, マルチミサイル, ジェットスイーパー, ジェットスイーパー,弾速アップ,Platscher,Jet Squelcher,Jet Squelcher,Megabarredora,Megasoplador,Nettoyeur XL,Méganettoyeur,Sweeper,Straalplonzer,Плескарь,篮管,籃管
シューター,シューター,jetsweeper_custom,91,,ジェットスイーパーカスタム,ジェッカス, クイックボム, ハイパープレッサー, ジェットスイーパー, ジェットスイーパーカスタム,弾速アップ,Platscher SE,Custom Jet Squelcher,Custom Jet Squelcher,Megabarredora SP,Megasoplador adaptado,Nettoyeur XL modifié,Méganettoyeur modifié,Sweeper CM,Gemodde Straalplonzer,Плескарь «Понт»,自制篮管,自制籃管
シューター,シューター,momiji,11,,もみじシューター,もみじ, ロボットボム, アメフラシ, わかばシューター, もみじシューター,塗り性能アップ,Junior-Kleckser Plus,Custom Splattershot Jr.,Custom Splattershot Jr.,Lanzatintas novato B,Rociador básico adaptado,Liquidateur Sr.,Liquéficateur ultra modifié,Sparacolore logo,Gemodde Superspetter jr.,Каплестрел-У 2.0,自制新叶,自制新葉
シューター,シューター,nzap83,62,,N-ZAP83,ファミZAP, スプリンクラー, アメフラシ, N-ZAP85, N-ZAP83,塗り性能アップ,N-ZAP83,N-ZAP '83,N-ZAP '83,N-ZAP 83,N-ZAP 83,N-ZAP 83,N-ZAP 83,N-ZAP83,N-ZAP '83,N-ZAP 83,83版快枪,83版快槍
シューター,シューター,nzap85,60,,N-ZAP85,黒ZAP, キューバンボム, インクアーマー, N-ZAP85, N-ZAP85,塗り性能アップ,N-ZAP85,N-ZAP '85,N-ZAP '85,N-ZAP 85,N-ZAP 85,N-ZAP 85,N-ZAP 85,N-ZAP85,N-ZAP '85,N-ZAP 85,85版快枪,85版快槍
シューター,シューター,nzap89,61,,N-ZAP89,赤ZAP, ロボットボム, マルチミサイル, N-ZAP85, N-ZAP89,塗り性能アップ,N-ZAP89,N-ZAP '89,N-ZAP '89,N-ZAP 89,N-ZAP 89,N-ZAP 89,N-ZAP 89,N-ZAP89,N-ZAP '89,N-ZAP 89,89版快枪,89版快槍
シューター,シューター,ochiba,12,,おちばシューター,おちば, トーピード, バブルランチャー, わかばシューター, おちばシューター,塗り性能アップ,Kensa-Junior-Kleckser,Kensa Splattershot Jr.,Kensa Splattershot Jr.,Lanzatintas novato elegante,Rociador básico Tonken,Liquidateur Jr. K,Liquéficateur Ultra Thony K,Sparacolore recluta Nero Marlin,Toni Kensa Superspetter jr.,Каплестрел-У.С.К.,剑乌贼丸贴牌新叶,劍烏賊丸貼牌新葉
シューター,シューター,octoshooter_replica,46,,オクタシューター レプリカ,オクタ, スプラッシュボム, ジェットパック, スプラシューター, スプラシューターコラボ,ジャンプ時のブレ軽減,Octo Shot Replica,Octo Shot Replica,Octo Shot Replica,Pistola octariana (réplica),Pistola octariana réplica,Lanceur Octaling (réplique),Liquéfi. octarien (rép.),Octo Shot Replica,Octo Shot Replica,Octo Shot Replica,复刻章鱼小枪,復刻章魚小槍
シューター,シューター,prime,70,,プライムシューター,プライム, ポイントセンサー, アメフラシ, プライムシューター, プライムシューター,ダメージアップ,Profi-Kleckser,Splattershot Pro,Splattershot Pro,Lanzatintas plus,Rociador Pro,Liquidateur pro,Liquéficateur pro,Splasher élite,Superspetter Pro,Каплестрел ПРО,精英枪,精英槍
シューター,シューター,prime_becchu,72,,プライムシューターベッチュー,別注プライム, スプラッシュボム, ナイスダマ, プライムシューター, プライムシューターベッチュー,ダメージアップ,Kensa-Profi-Kleckser,Kensa Splattershot Pro,Kensa Splattershot Pro,Lanzatintas plus elegante,Rociador Pro Tonken,Liquidateur pro K,Liquéficateur pro Thony K,Splasher élite Nero Marlin,Toni Kensa Superspetter Pro,Каплестрел ПРО от С. К.,剑乌贼丸贴牌精英枪,劍烏賊丸貼牌精英槍
シューター,シューター,prime_collabo,71,,プライムシューターコラボ,プラコラ, キューバンボム, バブルランチャー, プライムシューター, プライムシューターコラボ,ダメージアップ,Focus-Profi-Kleckser,Forge Splattershot Pro,Forge Splattershot Pro,Lanzatintas plus B,Rociador Forima,Liquidateur pro griffé,Liquéficateur pro Fosia,Splasher élite logo,Forge Superspetter Pro,Каплестрел ПРО «Блиц»,锻造贴牌精英枪,鍛造貼牌精英槍
シューター,シューター,promodeler_mg,30,,プロモデラーMG,銀モデ, キューバンボム, カーリングボムピッチャー, プロモデラーMG, プロモデラーMG,塗り性能アップ,Airbrush MG,Aerospray MG,Aerospray MG,Aerógrafo pro,Aerógrafo GP,Aérogun,Pouche-pouche,Aerografo,Kladderwerper,Аэроспрей,银色喷枪,銀色噴槍
シューター,シューター,promodeler_pg,32,,プロモデラーPG,銅モデ, クイックボム, ナイスダマ, プロモデラーMG, プロモデラーPG,塗り性能アップ,Airbrush PG,Aerospray PG,Aerospray PG,Aerógrafo extra,Aerógrafo GE,Aérogun select,Pouche-pouche sélect,Aerografo deluxe,Kladderwerper Ultima,Аэроспрей ИДЕАЛ,铜色喷枪,銅色噴槍
シューター,シューター,promodeler_rg,31,,プロモデラーRG,金モデ, スプリンクラー, イカスフィア, プロモデラーMG, プロモデラーRG,塗り性能アップ,Airbrush RG,Aerospray RG,Aerospray RG,Aerógrafo plus,Aerógrafo GN,Aérogun premium,Pouche-pouche premium,Aerografo élite,Kladderwerper Pro,Аэроспрей ДЕЛЮКС,金色喷枪,金色噴槍
シューター,シューター,sharp,20,,シャープマーカー,シャプマ, ポイズンミスト, ジェットパック, シャープマーカー, シャープマーカー,ダメージアップ,Fein-Disperser,Splash-o-matic,Splash-o-matic,Marcador fino,Plumón,Marqueur léger,Marqueur léger,Marker d'assalto,Spetterspuit,Плюхомет,针管枪,針管槍
シューター,シューター,sharp_neo,21,,シャープマーカーネオ,シャプネ, クイックボム, キューバンボムピッチャー, シャープマーカー, シャープマーカーネオ,ダメージアップ,Fein-Disperser Neo,Neo Splash-o-matic,Neo Splash-o-matic,Marcador fino neo,Plumón neo,Marqueur léger Néo,Marqueur léger néo,Marker d'assalto Neo,Spetterspuit Neo,Плюхомет «Нео»,新式针管枪,新式針管槍
シューター,シューター,sshooter,40,,スプラシューター,スプシュ, クイックボム, スーパーチャクチ, スプラシューター, スプラシューター,ジャンプ時のブレ軽減,Kleckser,Splattershot,Splattershot,Lanzatintas,Rociador,Liquidateur,Liquéficateur,Splasher,Superspetter,Каплестрел,小绿,小綠
シューター,シューター,sshooter_becchu,42,,スプラシューターベッチュー,別注スシ, キューバンボム, マルチミサイル, スプラシューター, スプラシューターベッチュー,ジャンプ時のブレ軽減,Kensa-Kleckser,Kensa Splattershot,Kensa Splattershot,Lanzatintas elegante,Rociador Tonken,Liquidateur K,Liquéficateur Thony K,Splasher Nero Marlin,Toni Kensa Superspetter,Каплестрел от С. Кусаки,剑乌贼丸贴牌小绿,劍烏賊丸貼牌小綠
シューター,シューター,sshooter_collabo,41,,スプラシューターコラボ,スシコラ, スプラッシュボム, ジェットパック, スプラシューター, スプラシューターコラボ,ジャンプ時のブレ軽減,Tentatek-Kleckser,Tentatek Splattershot,Tentatek Splattershot,Lanzatintas B,Rociador Tentáctica,Liquidateur griffé,Liquéficateur Tentatek,Splasher logo,Tentatek Superspetter,Каплестрел «Щуччи»,东海堂贴牌小绿,東海堂貼牌小綠
シューター,シューター,wakaba,10,,わかばシューター,わかば, スプラッシュボム, インクアーマー, わかばシューター, わかばシューター,塗り性能アップ,Junior-Kleckser,Splattershot Jr.,Splattershot Jr.,Lanzatintas novato,Rociador básico,Liquidateur Jr.,Liquéficateur ultra,Sparacolore recluta,Superspetter jr.,Каплестрел-У,新叶,新葉
シューター,ブラスター,clashblaster,230,,クラッシュブラスター,クラブラ, スプラッシュボム, ハイパープレッサー, クラッシュブラスター, クラッシュブラスター,ジャンプ時のブレ軽減,Kontra-Blaster,Clash Blaster,Clash Blaster,Turbodevastador,Hiperlanzamotas,Rafablaster,Rafalblasteur,Blaster da mischia,Knalblaster,Контрабластер,蜡笔泡枪,蠟筆泡槍
シューター,ブラスター,clashblaster_neo,231,,クラッシュブラスターネオ,クラネオ, カーリングボム, マルチミサイル, クラッシュブラスター, クラッシュブラスターネオ,ジャンプ時のブレ軽減,Kontra-Blaster Neo,Clash Blaster Neo,Clash Blaster Neo,Turbodevastador neo,Hiperlanzamotas neo,Rafablaster Néo,Rafalblasteur néo,Blaster da mischia Neo,Knalblaster Neo,Контрабластер «Нео»,新式蜡笔泡枪,新式蠟筆泡槍
シューター,ブラスター,heroblaster_replica,215,,ヒーローブラスター レプリカ,ヒロブラ, ポイズンミスト, スーパーチャクチ, ホットブラスター, ホットブラスター,ジャンプ時のブレ軽減,Helden-Blaster Replik,Hero Blaster Replica,Hero Blaster Replica,Devastador de élite (réplica),Lanzamotas de élite réplica,Hero Blaster Replica,Hero Blaster Replica,Blaster élite replica,Heldenblaster (replica),Бластер-004 (клон),复刻英雄热泡枪,復刻英雄熱泡槍
シューター,ブラスター,hotblaster,210,,ホットブラスター,ホッブラ, ポイズンミスト, スーパーチャクチ, ホットブラスター, ホットブラスター,ジャンプ時のブレ軽減,Blaster,Blaster,Blaster,Devastador,Lanzamotas,Éclablaster,Éclablasteur,Blaster,Klodderblaster,Бластер,热泡枪,熱泡槍
シューター,ブラスター,hotblaster_custom,211,,ホットブラスターカスタム,ホッカス, ロボットボム, ジェットパック, ホットブラスター, ホットブラスターカスタム,ジャンプ時のブレ軽減,Blaster SE,Custom Blaster,Custom Blaster,Devastador SP,Lanzamotas adaptado,Éclablaster modifié,Éclablasteur modifié,Blaster CM,Gemodde Klodderblaster,Бластер «Понт»,自制热泡枪,自制熱泡槍
シューター,ブラスター,longblaster,220,,ロングブラスター,ロンブラ, キューバンボム, アメフラシ, ロングブラスター, ロングブラスター,ジャンプ時のブレ軽減,Fern-Blaster,Range Blaster,Range Blaster,Teledevastador,Telelanzamotas,Éclablaster XL,Éclablasteur LP,Blaster a distanza,Teleblaster,Дальнобластер,长热泡枪,長熱泡槍
シューター,ブラスター,longblaster_custom,221,,ロングブラスターカスタム,ロンカス, カーリングボム, バブルランチャー, ロングブラスター, ロングブラスターカスタム,ジャンプ時のブレ軽減,Fern-Blaster SE,Custom Range Blaster,Custom Range Blaster,Teledevastador SP,Telelanzamotas adaptado,Éclablaster XL griffé,Éclablasteur LP modifié,Blaster a distanza CM,Gemodde Teleblaster,Дальнобластер «Понт»,自制长热泡,自制長熱泡
シューター,ブラスター,longblaster_necro,222,,ロングブラスターネクロ,ネクロ, クイックボム, マルチミサイル, ロングブラスター, ロングブラスターネクロ,ジャンプ時のブレ軽減,Fern-Blaster Inferno,Grim Range Blaster,Grim Range Blaster,Teledevastador tétrico,Telelanzamotas funesto,Éclablaster Nox,Éclablasteur lugubre,Blaster a distanza dark,Duistere Teleblaster,Дальнобластер «Мрак»,绿色长热泡,綠色長熱泡
シューター,ブラスター,nova,200,,ノヴァブラスター,ノヴァ, スプラッシュボム, イカスフィア, ノヴァブラスター, ノヴァブラスター,大ダメージを与える爆発範囲アップ,Luna-Blaster,Luna Blaster,Luna Blaster,Ultradevastador,Lanzamotas Nova,Proxiblaster,Proxiblasteur,Blaster lunar,Lunablaster,Лунобластер,月亮泡枪,月亮泡槍
シューター,ブラスター,nova_becchu,202,,ノヴァブラスターベッチュー,別注ノヴァ, タンサンボム, アメフラシ, ノヴァブラスター, ノヴァブラスターベッチュー,大ダメージを与える爆発範囲アップ,Kensa-Luna-Blaster,Kensa Luna Blaster,Kensa Luna Blaster,Ultradevastador elegante,Lanzamotas Nova Tonken,Proxiblaster K,Proxiblasteur Thony K,Blaster lunar Nero Marlin,Toni Kensa Lunablaster,Лунобластер от С. Кусаки,剑乌贼丸贴牌月亮泡枪,劍烏賊丸貼牌月亮泡槍
シューター,ブラスター,nova_neo,201,,ノヴァブラスターネオ,ノヴァネオ, トラップ, キューバンボムピッチャー, ノヴァブラスター, ノヴァブラスターネオ,大ダメージを与える爆発範囲アップ,Luna-Blaster Neo,Luna Blaster Neo,Luna Blaster Neo,Ultradevastador neo,Lanzamotas Nova neo,Proxiblaster Néo,Proxiblasteur néo,Blaster lunar Neo,Lunablaster Neo,Лунобластер «Нео»,新式月亮泡枪,新式月亮泡槍
シューター,ブラスター,rapid,240,,ラピッドブラスター,ラピブラ, トラップ, スプラッシュボムピッチャー, ラピッドブラスター, ラピッドブラスター,ジャンプ時のブレ軽減,Turbo-Blaster,Rapid Blaster,Rapid Blaster,Devastador exprés,Turbolanzamotas,Turboblaster,Turboblasteur,Blaster rapido,Flitsblaster,Бластермат,红色快速泡枪,紅色快速泡槍
シューター,ブラスター,rapid_becchu,242,,ラピッドブラスターベッチュー,別注ラピ, トーピード, イカスフィア, ラピッドブラスター, ラピッドブラスターベッチュー,ジャンプ時のブレ軽減,Kensa-Turbo-Blaster,Kensa Rapid Blaster,Kensa Rapid Blaster,Devastador exprés elegante,Turbolanzamotas Tonken,Turboblaster K,Turboblasteur Thony K,Blaster rapido Nero Marlin,Toni Kensa Flitsblaster,Бластермат от С. Кусаки,剑乌贼丸贴牌红色快速泡枪,劍烏賊丸貼牌紅色快速泡槍
シューター,ブラスター,rapid_deco,241,,ラピッドブラスターデコ,ラピデコ, キューバンボム, ジェットパック, ラピッドブラスター, ラピッドブラスターデコ,ジャンプ時のブレ軽減,Turbo-Blaster Deko,Rapid Blaster Deco,Rapid Blaster Deco,Devastador exprés DX,Turbolanzamotas chic,Turboblaster chic,Turboblasteur chic,Blaster rapido DX,Flitsblaster Deco,Бластермат «Деко»,德科贴牌红色快速泡枪,德科貼牌紅色快速泡槍
シューター,ブラスター,rapid_elite,250,,Rブラスターエリート,ラピエリ, ポイズンミスト, アメフラシ, Rブラスターエリート, Rブラスターエリート,ジャンプ時のブレ軽減,Turbo-Blaster Plus,Rapid Blaster Pro,Rapid Blaster Pro,Superdevastador,Turbolanzamotas Pro,Turboblaster pro,Turboblasteur pro,Blaster élite,Flitsblaster Pro,Бластермат ПРО,红色精英快速热泡枪,紅色精英快速熱泡槍
シューター,ブラスター,rapid_elite_deco,251,,Rブラスターエリートデコ,エリデコ, スプラッシュシールド, インクアーマー, Rブラスターエリート, Rブラスターエリートデコ,ジャンプ時のブレ軽減,Turbo-Blaster Plus Deko,Rapid Blaster Pro Deco,Rapid Blaster Pro Deco,Superdevastador DX,Turbolanzamotas Pro chic,Turboblaster pro chic,Turboblasteur pro chic,Blaster élite DX,Flitsblaster Pro Deco,Бластермат ПРО «Деко»,德科贴牌红色快速热泡枪,德科貼牌紅色快速熱泡槍
シューター,リールガン,h3reelgun,310,,H3リールガン,H3, ポイントセンサー, マルチミサイル, H3リールガン, H3リールガン,ダメージアップ,S3 Tintenwerfer,H-3 Nozzlenose,H-3 Nozzlenose,Tintambor pesado,Manguera pesada,Arroseur lourd,Arroseur lourd,Triplete,H-3 Langsnuit,Тяжелый каплетрон,H3水枪,H3水槍
シューター,リールガン,h3reelgun_cherry,312,,H3リールガンチェリー,チェリー, スプラッシュシールド, バブルランチャー, H3リールガン, H3リールガンチェリー,ダメージアップ,S3 Tintenwerfer Kirsch,Cherry H-3 Nozzlenose,Cherry H-3 Nozzlenose,Tintambor pesado cereza,Manguera pesada cereza,Arroseur lourd Cerise,Arroseur lourd cerise,Triplete ciliegia,H-3 Langsnuit Kers,Т-каплетрон «Вишня»,樱桃H3水枪,櫻桃H3水槍
シューター,リールガン,h3reelgun_d,311,,H3リールガンD,H3D, キューバンボム, インクアーマー, H3リールガン, H3リールガンD,ダメージアップ,S3 Tintenwerfer D,H-3 Nozzlenose D,H-3 Nozzlenose D,Tintambor pesado D,Manguera pesada D,Arroseur lourd Cétacé,Arroseur lourd requin,Triplete D,H-3 Langsnuit D,Тяжелый каплетрон 2.0,贴牌H3水枪,貼牌H3水槍
シューター,リールガン,l3reelgun,300,,L3リールガン,L3, カーリングボム, イカスフィア, L3リールガン, L3リールガン,ダメージアップ,L3 Tintenwerfer,L-3 Nozzlenose,L-3 Nozzlenose,Tintambor ligero,Manguera ligera,Arroseur léger,Arroseur léger,Triplete compatto,L-3 Stompsnuit,Каплетрон-компакт,L-3水枪,L-3水槍
シューター,リールガン,l3reelgun_becchu,302,,L3リールガンベッチュー,別注L3, スプラッシュシールド, ウルトラハンコ, L3リールガン, L3リールガンベッチュー,ダメージアップ,Kensa-L3-Tintenwerfer,Kensa L-3 Nozzlenose,Kensa L-3 Nozzlenose,Tintambor ligero elegante,Manguera ligera Tonken,Arroseur léger K,Arroseur léger Thony K,Triplete compatto Nero Marlin,Toni Kensa L-3 Stompsnuit,Каплетрон-компакт С.К.,剑乌贼丸贴牌L-3水枪,劍烏賊丸貼牌L-3水槍
シューター,リールガン,l3reelgun_d,301,,L3リールガンD,L3D, クイックボム, ジェットパック, L3リールガン, L3リールガンD,ダメージアップ,L3 Tintenwerfer D,L-3 Nozzlenose D,L-3 Nozzlenose D,Tintambor ligero D,Manguera ligera D,Arroseur léger Cétacé,Arroseur léger requin,Triplete compatto D,L-3 Stompsnuit D,Каплетрон-компакт 2.0,贴牌L-3水枪,貼牌L-3水槍
シューター,マニューバー,dualsweeper,5030,,デュアルスイーパー,デュアル, ポイントセンサー, マルチミサイル, デュアルスイーパー, デュアルスイーパー,ダメージアップ,Dual-Platscher,Dualie Squelchers,Dualie Squelchers,Barredora dual,Soplador dual,Double nettoyeur,Double nettoyeur,Sweeper duplo,Dubbelplonzers,Спурт-плескари,红管,紅管
シューター,マニューバー,dualsweeper_custom,5031,,デュアルスイーパーカスタム,デュアカス, スプラッシュボム, アメフラシ, デュアルスイーパー, デュアルスイーパーカスタム,ダメージアップ,Dual-Platscher SE,Custom Dualie Squelchers,Custom Dualie Squelchers,Barredora dual SP,Soplador dual adaptado,Double nettoyeur modifié,Double nettoyeur modifié,Sweeper duplo CM,Gemodde Dubbelplonzers,Спурт-плескари «Понт»,自制红管,自制紅管
シューター,マニューバー,heromaneuver_replica,5015,,ヒーローマニューバー レプリカ,ヒロマニュ, クイックボム, マルチミサイル, スプラマニューバー, スプラマニューバー,ダメージアップ,Helden-Doubler Replik,Hero Dualie Replicas,Hero Dualie Replicas,Difusor dual de élite (réplica),Difusor dual de élite réplica,Hero Dualie Replicas,Hero Dualie Replicas,Repolper duplo élite replica,Heldenknallers (replica),Спуртометы-004 (клон),复刻英雄双枪,復刻英雄雙槍
シューター,マニューバー,kelvin525,5020,,ケルビン525,ケルビン, トラップ, ジェットパック, ケルビン525, ケルビン525,ダメージアップ,Kelvin 525,Glooga Dualies,Glooga Dualies,Fundidora 525 dual,Fundidora 525 dual,Double Kelvin 525,Double Kelvin 525,Kelvin duplo 525,Kelvin 525,Термоплюхи 525,蓝色开尔文,藍色開爾文
シューター,マニューバー,kelvin525_becchu,5022,,ケルビン525ベッチュー,別注ケル, タンサンボム, インクアーマー, ケルビン525, ケルビン525ベッチュー,ダメージアップ,Kensa-Kelvin-525,Kensa Glooga Dualies,Kensa Glooga Dualies,Fundidora 525 dual elegante,Fundidora 525 dual Tonken,Double Kelvin 525 K,Double Kelvin 525 Thony K,Kelvin duplo 525 Nero Marlin,Toni Kensa Kelvin 525,Термоплюхи 525 от С. К.,剑乌贼丸贴牌开尔文,劍烏賊丸貼牌開爾文
シューター,マニューバー,kelvin525_deco,5021,,ケルビン525デコ,ケルデコ, スプラッシュシールド, イカスフィア, ケルビン525, ケルビン525デコ,ダメージアップ,Kelvin 525 Deko,Glooga Dualies Deco,Glooga Dualies Deco,Fundidora 525 dual DX,Fundidora 525 dual chic,Double Kelvin 525 chic,Double Kelvin 525 chic,Kelvin duplo 525 DX,Kelvin 525 Deco,Термоплюхи 525 «Деко»,金色开尔文,金色開爾文
シューター,マニューバー,maneuver,5010,,スプラマニューバー,スプマニュ, クイックボム, マルチミサイル, スプラマニューバー, スプラマニューバー,ダメージアップ,Klecks-Doppler,Splat Dualies,Splat Dualies,Difusor dual,Difusor dual,Double encreur,Double encreur,Repolper duplo,Dubbelknallers,Спуртометы,绿色双枪,綠色雙槍
シューター,マニューバー,maneuver_becchu,5012,,スプラマニューバーベッチュー,別注マニュ, キューバンボム, イカスフィア, スプラマニューバー, スプラマニューバーベッチュー,ダメージアップ,Kensa-Klecks-Doppler,Kensa Splat Dualies,Kensa Splat Dualies,Difusor dual elegante,Difusor dual Tonken,Double encreur K,Double encreur Thony K,Repolper duplo Nero Marlin,Toni Kensa Dubbelknallers,Спуртометы от С. Кусаки,剑乌贼丸贴牌双枪,劍烏賊丸貼牌雙槍
シューター,マニューバー,maneuver_collabo,5011,,スプラマニューバーコラボ,マニュコラ, カーリングボム, ジェットパック, スプラマニューバー, スプラマニューバーコラボ,ダメージアップ,Enperry-Klecks-Doppler,Enperry Splat Dualies,Enperry Splat Dualies,Difusor dual B,Difusor dual Emperi,Double encreur griffé,Double encreur DUX,Repolper duplo logo,Enperry Dubbelknallers,Спуртометы «К.К.»,金色双枪,金色雙槍
シューター,マニューバー,quadhopper_black,5040,,クアッドホッパーブラック,黒クア, ロボットボム, スーパーチャクチ, クアッドホッパーブラック, クアッドホッパーブラック,ダメージアップ,Quadhopper Noir,Dark Tetra Dualies,Dark Tetra Dualies,Motatrónic dual negro,Tetra dual negro,Double voltigeur noir,Double voltigeur noir,Moscarpino duplo nero,Quadhoppers Zwart,Черные спуртокроссы,白色气垫双枪,白色氣墊雙槍
シューター,マニューバー,quadhopper_white,5041,,クアッドホッパーホワイト,白クア, スプリンクラー, ロボボムピッチャー, クアッドホッパーブラック, クアッドホッパーホワイト,ダメージアップ,Quadhopper Blanc,Light Tetra Dualies,Light Tetra Dualies,Motatrónic dual blanco,Tetra dual blanco,Double voltigeur blanc,Double voltigeur blanc,Moscarpino duplo bianco,Quadhoppers Wit,Белые спуртокроссы,白色气垫双枪,白色氣墊雙槍
シューター,マニューバー,sputtery,5000,,スパッタリー,スパ, ジャンプビーコン, キューバンボムピッチャー, スパッタリー, スパッタリー,ダメージアップ,Sprenkler,Dapple Dualies,Dapple Dualies,Atomizador dual,Atomizador dual,Double moucheteur,Double moucheteur,Ripolpella duplo,Dubbelspatters,Импрессиометы,红色牙刷双枪,紅色牙刷雙槍
シューター,マニューバー,sputtery_clear,5002,,スパッタリークリア,スパクリ, トーピード, スーパーチャクチ, スパッタリー, スパッタリークリア,ダメージアップ,Sprenkler Claro,Clear Dapple Dualies,Clear Dapple Dualies,Atomizador dual sencillo,Atomizador dual sencillo,Double moucheteur dépoli,Double moucheteur dépoli,Ripolpella duplo minimal,Dubbelspatters Helder,Импрессиометы «Белизна»,白色牙刷双枪,白色牙刷雙槍
シューター,マニューバー,sputtery_hue,5001,,スパッタリー・ヒュー,スパヒュー, ポイズンミスト, アメフラシ, スパッタリー, スパッタリー・ヒュー,ダメージアップ,Sprenkler Fresco,Dapple Dualies Nouveau,Dapple Dualies Nouveau,Atomizador dual maestro,Atomizador dual maestro,Double moucheteur nuancé,Double moucheteur nuancé,Ripolpella duplo master,Dubbelspatters Nouveau,Импрессиометы «НуВо»,紫色牙刷双枪,紫色牙刷雙槍
ローラー,ローラー,carbon,1000,,カーボンローラー,カローラ, ロボットボム, アメフラシ, カーボンローラー, カーボンローラー,ダメージアップ,Karbonroller,Carbon Roller,Carbon Roller,Rodillo de carbono,Rodillo de carbono,Rouleau carbone,Rouleau carbone,Rullo di carbonio,Carbonroller,Валик ЛАЙТ,碳刷,碳刷
ローラー,ローラー,carbon_deco,1001,,カーボンローラーデコ,カロデコ, クイックボム, ロボボムピッチャー, カーボンローラー, カーボンローラーデコ,ダメージアップ,Karbonroller Deko,Carbon Roller Deco,Carbon Roller Deco,Rodillo de carbono DX,Rodillo de carbono chic,Rouleau carbone chic,Rouleau carbone chic,Rullo di carbonio DX,Carbonroller Deco,Валик ЛАЙТ «Деко»,德科贴牌碳刷,德科貼牌碳刷
ローラー,ローラー,dynamo,1020,,ダイナモローラー,銀ナモ, トラップ, ハイパープレッサー, ダイナモローラー, ダイナモローラー,ダメージアップ,Dynaroller,Dynamo Roller,Dynamo Roller,Dinamorrodillo,Rodillo Pro,Dynamo-rouleau,Dynamo-rouleau,Rullo dinamo,Dynamoroller,Мотовалик,重刷,重刷
ローラー,ローラー,dynamo_becchu,1022,,ダイナモローラーベッチュー,別注ダイナモ, スプリンクラー, ナイスダマ, ダイナモローラー, ダイナモローラーベッチュー,ダメージアップ,Kensa-Dynaroller,Kensa Dynamo Roller,Kensa Dynamo Roller,Dinamorrodillo elegante,Rodillo Pro Tonken,Dynamo-rouleau K,Dynamo-rouleau Thony K,Rullo dinamo Nero Marlin,Toni Kensa Dynamoroller,Мотовалик от С. Кусаки,剑乌贼丸贴牌重刷,劍烏賊丸貼牌重刷
ローラー,ローラー,dynamo_tesla,1021,,ダイナモローラーテスラ,金ナモ, スプラッシュボム, インクアーマー, ダイナモローラー, ダイナモローラーテスラ,ダメージアップ,Dynaroller Tesla,Gold Dynamo Roller,Gold Dynamo Roller,Dinamorrodillo T,Rodillo Pro dorado,Dynamo-rouleau tesla,Dynamo-rouleau pro,Rullo dinamo dorato,Gouden Dynamoroller,Мотовалик VIP,金色重刷,金色重刷
ローラー,ローラー,heroroller_replica,1015,,ヒーローローラー レプリカ,ヒロロ, カーリングボム, スーパーチャクチ, スプラローラー, スプラローラー,ダメージアップ,Helden-Roller Replik,Hero Roller Replica,Hero Roller Replica,Rodillo de élite (réplica),Rodillo de élite réplica,Rouleau héroïque (réplique),Rouleau héroïque (rép.),Rullo élite replica,Heldenroller (replica),Валик-004 (клон),复刻英雄滚筒,復刻英雄滾筒
ローラー,ローラー,splatroller,1010,,スプラローラー,スプロラ, カーリングボム, スーパーチャクチ, スプラローラー, スプラローラー,ダメージアップ,Klecksroller,Splat Roller,Splat Roller,Rodillo básico,Rodillo básico,Rouleau,Rouleau,Rullo splat,Klodderroller,Сплат-валик,滚筒,滾筒
ローラー,ローラー,splatroller_becchu,1012,,スプラローラーベッチュー,別注ロラ, スプラッシュボム, バブルランチャー, スプラローラー, スプラローラーベッチュー,ダメージアップ,Kensa-Klecksroller,Kensa Splat Roller,Kensa Splat Roller,Rodillo básico elegante,Rodillo básico Tonken,Rouleau K,Rouleau Thony K,Rullo splat Nero Marlin,Toni Kensa Klodderroller,Валик от С. Кусаки,剑乌贼丸贴牌滚筒,劍烏賊丸貼牌滾筒
ローラー,ローラー,splatroller_collabo,1011,,スプラローラーコラボ,ロラコラ, ジャンプビーコン, イカスフィア, スプラローラー, スプラローラーコラボ,ダメージアップ,Medusa-Klecksroller,Krak-On Splat Roller,Krak-On Splat Roller,Rodillo básico B,Rodillo básico Meddux,Rouleau griffé,Rouleau Krakeurs,Rullo splat logo,Krak-On Klodderroller,Сплат-валик «Кра-Кен»,海蜇贴牌滚筒,海蜇貼牌滾筒
ローラー,ローラー,variableroller,1030,,ヴァリアブルローラー,ヴァリ, スプラッシュシールド, スプラッシュボムピッチャー, ヴァリアブルローラー, ヴァリアブルローラー,ダメージアップ,Flex-Roller,Flingza Roller,Flingza Roller,Rodillo versátil,Rodillo versátil,Flexi-rouleau,Flexi-rouleau,Flexi-rullo,Flexroller,Омнивалик,可变滚筒,可變滾筒
ローラー,ローラー,variableroller_foil,1031,,ヴァリアブルローラーフォイル,ヴァリフォイ, キューバンボム, マルチミサイル, ヴァリアブルローラー, ヴァリアブルローラーフォイル,ダメージアップ,Flex-Roller Fol,Foil Flingza Roller,Foil Flingza Roller,Rodillo versátil B,Rodillo versátil Foil,Flexi-rouleau alu,Flexi-rouleau aluminium,Flexi-rullo B,Foil Flexroller,Омнивалик «Блеск»,金箔可变滚筒,金箔可變滾筒
ローラー,フデ,herobrush_replica,1115,,ヒーローブラシ レプリカ,ヒロ筆, ロボットボム, ジェットパック, ホクサイ, ホクサイ,塗りながら進むスピードアップ,Helden-Pinsel Replik,Herobrush Replica,Herobrush Replica,Brocha de élite (réplica),Pincel caligrafía de élite réplica,Herobrush Replica,Herobrush Replica,Pennello élite replica,Heldenkwast (replica),Кисть-004 (клон),复刻英雄刷,復刻英雄刷
ローラー,フデ,hokusai,1110,,ホクサイ,, ロボットボム, ジェットパック, ホクサイ, ホクサイ,塗りながら進むスピードアップ,Kalligraf,Octobrush,Octobrush,Brocha,Pincel caligrafía,Épinceau brosse,Épinceau brosse,Tinturicchio,Octokwast,Арт-кисть,北斋重刷,北齋重刷
ローラー,フデ,hokusai_becchu,1112,,ホクサイベッチュー,別注ホクサイ, キューバンボム, ウルトラハンコ, ホクサイ, ホクサイベッチュー,塗りながら進むスピードアップ,Kensa-Kalligraf,Kensa Octobrush,Kensa Octobrush,Brocha elegante,Pincel caligrafía Tonken,Épinceau K,Épinceau Thony K,Tinturicchio Nero Marlin,Toni Kensa Octokwast,Арт-кисть от С. Кусаки,剑乌贼丸贴牌北斋重刷,劍烏賊丸貼牌北齋重刷
ローラー,フデ,hokusai_hue,1111,,ホクサイ・ヒュー,ホヒュー, ジャンプビーコン, マルチミサイル, ホクサイ, ホクサイ・ヒュー,塗りながら進むスピードアップ,Kalligraf Fresco,Octobrush Nouveau,Octobrush Nouveau,Brocha maestra,Pincel caligrafía maestro,Épinceau brosse nuancé,Épinceau brosse nuancé,Tinturicchio master,Octokwast Nouveau,Арт-кисть «НуВо»,北斋重刷 Nouveau,北齋重刷 Nouveau
ローラー,フデ,pablo,1100,,パブロ,, スプラッシュボム, スーパーチャクチ, パブロ, パブロ,塗りながら進むスピードアップ,Quasto,Inkbrush,Inkbrush,Pincel,Pincel,Épinceau,Épinceau,Calamaravaggio,Inktkwast,Кисть,笔刷,筆刷
ローラー,フデ,pablo_hue,1101,,パブロ・ヒュー,パヒュー, トラップ, イカスフィア, パブロ, パブロ・ヒュー,塗りながら進むスピードアップ,Quasto Fresco,Inkbrush Nouveau,Inkbrush Nouveau,Pincel maestro,Pincel maestro,Épinceau nuancé,Épinceau nuancé,Calamaravaggio master,Inktkwast Nouveau,Кисть «НуВо»,新式笔刷,新式筆刷
ローラー,フデ,pablo_permanent,1102,,パーマネント・パブロ,パパブロ, スプリンクラー, インクアーマー, パブロ, パーマネント・パブロ,塗りながら進むスピードアップ,Quasto Permanent,Permanent Inkbrush,Permanent Inkbrush,Pincel perpetuo,Pincel permanente,Épinceau permanent,Épinceau permanent,Calamaravaggio indelebile,Inktkwast Permanent,Водостойкая кисть,永久毛刷,永久毛刷
チャージャー,チャージャー,bamboo14mk1,2050,,14式竹筒銃・甲,竹甲, カーリングボム, マルチミサイル, 14式竹筒銃・甲, 14式竹筒銃・甲,ダメージアップ,Klotzer 14-A,Bamboozler 14 Mk I,Bamboozler 14 Mk I,Bambufusil 14-I,Bamzuka 14-I,Bimbamboum Mk I,Bimbamboum Mk I,Bimbamboom 14-I,Bamboem 14-A,Бамбух 14-I,竹狙一代,竹狙一代
チャージャー,チャージャー,bamboo14mk2,2051,,14式竹筒銃・乙,竹乙, ポイズンミスト, クイックボムピッチャー, 14式竹筒銃・甲, 14式竹筒銃・乙,ダメージアップ,Klotzer 14-B,Bamboozler 14 Mk II,Bamboozler 14 Mk II,Bambufusil 14-II,Bamzuka 14-II,Bimbamboum Mk II,Bimbamboum Mk II,Bimbamboom 14-II,Bamboem 14-B,Бамбух 14-II,竹狙二代,竹狙二代
チャージャー,チャージャー,bamboo14mk3,2052,,14式竹筒銃・丙,竹丙, タンサンボム, バブルランチャー, 14式竹筒銃・甲, 14式竹筒銃・丙,ダメージアップ,Klotzer 14-C,Bamboozler 14 Mk III,Bamboozler 14 Mk III,Bambufusil 14-III,Bamzuka 14-III,Bimbamboum Mk III,Bimbamboum Mk III,Bimbamboom 14-III,Bamboem 14-C,Бамбух 14-III,竹狙三代,竹狙三代
チャージャー,チャージャー,herocharger_replica,2015,,ヒーローチャージャー レプリカ,ヒロチ, スプラッシュボム, ハイパープレッサー, スプラチャージャー, スプラチャージャー,ダメージアップ,Helden-Konzentrator Replik,Hero Charger Replica,Hero Charger Replica,Cargatintas de élite (réplica),Cargatintas de élite réplica,Conc. héroïque (réplique),Conc. héroïque (rép.),Splatter élite replica,Heldenlader (replica),Сплатган-004 (клон),复刻英雄狙击枪,復刻英雄狙擊槍
チャージャー,チャージャー,liter4k,2030,,リッター4K,リッター, トラップ, アメフラシ, リッター4K, リッター4K,射程アップ,E-liter 4K,E-liter 4K,E-liter 4K,Entintador 4K,Entintador 4K,Extraceur +,X-traceur +,Tinter a carica 4K,E-liter 4K,Э-литр 95,精英4K狙击枪,精英4K狙擊槍
チャージャー,チャージャー,liter4k_custom,2031,,リッター4Kカスタム,リッカス, ジャンプビーコン, バブルランチャー, リッター4K, リッター4Kカスタム,射程アップ,E-liter 4K SE,Custom E-liter 4K,Custom E-liter 4K,Entintador 4K SP,Entintador 4K adaptado,Extraceur + modifié,X-traceur + modifié,Tinter a carica 4K CM,Gemodde E-liter 4K,Э-литр 95 «Понт»,自制精英4K狙击枪,自制精英4K狙擊槍
チャージャー,チャージャー,liter4k_scope,2040,,4Kスコープ,リッスコ, トラップ, アメフラシ, リッター4K, 4Kスコープ,射程アップ,Ziel-E-liter 4K,E-liter 4K Scope,E-liter 4K Scope,Telentintador 4K,Telentintador 4K,Extraceur + zoom,X-traceur + zoom,Tinter con mirino 4K,E-liter 4K met vizier,Снайп-э-литр 95,精英4K带镜狙击枪,精英4K帶鏡狙擊槍
チャージャー,チャージャー,liter4k_scope_custom,2041,,4Kスコープカスタム,リッカスコ, ジャンプビーコン, バブルランチャー, リッター4K, 4Kスコープカスタム,射程アップ,Ziel-E-liter 4K SE,Custom E-liter 4K Scope,Custom E-liter 4K Scope,Telentintador 4K SP,Telentintador 4K adaptado,Extraceur + zoom modifié,X-traceur + zoom modifié,Tinter con mirino 4K CM,Gemodde E-liter 4K met vizier,Снайп-э-литр 95 «Понт»,自制精英4K带镜狙击枪,自制精英4K帶鏡狙擊槍
チャージャー,チャージャー,soytuber,2060,,ソイチューバー,ソイチュ, キューバンボム, スーパーチャクチ, ソイチューバー, ソイチューバー,ダメージアップ,T-Tuber,Goo Tuber,Goo Tuber,Tubofusil,Entintubo,Détubeur,Détubeur,Tintubator,Spetbuizer,Трубастер,水管狙击枪,水管狙擊槍
チャージャー,チャージャー,soytuber_custom,2061,,ソイチューバーカスタム,ソイカス, カーリングボム, ジェットパック, ソイチューバー, ソイチューバーカスタム,ダメージアップ,T-Tuber SE,Custom Goo Tuber,Custom Goo Tuber,Tubofusil SP,Entintubo adaptado,Détubeur modifié,Détubeur modifié,Tintubator CM,Gemodde Spetbuizer,Трубастер «Понт»,自制水管狙击枪,自制水管狙擊槍
チャージャー,チャージャー,splatcharger,2010,,スプラチャージャー,スプチャ, スプラッシュボム, ハイパープレッサー, スプラチャージャー, スプラチャージャー,ダメージアップ,Klecks-Konzentrator,Splat Charger,Splat Charger,Cargatintas,Cargatintas,Concentraceur,Concentraceur,Splatter a carica,Bloplader,Сплатган,绿色狙击枪,綠色狙擊槍
チャージャー,チャージャー,splatcharger_becchu,2012,,スプラチャージャーベッチュー,別注チャ, スプリンクラー, イカスフィア, スプラチャージャー, スプラチャージャーベッチュー,ダメージアップ,Kensa-Klecks-Konzentrator,Kensa Charger,Kensa Charger,Cargatintas elegante,Cargatintas Tonken,Concentraceur K,Concentraceur Thony K,Splatter a carica Nero Marlin,Toni Kensa Bloplader,Сплатган от С. Кусаки,剑乌贼丸贴牌狙击枪,劍烏賊丸貼牌狙擊槍
チャージャー,チャージャー,splatcharger_collabo,2011,,スプラチャージャーコラボ,チャーコラ, スプラッシュシールド, キューバンボムピッチャー, スプラチャージャー, スプラチャージャーコラボ,ダメージアップ,Rilax-Klecks-Konzentrator,Firefin Splat Charger,Firefin Splat Charger,Cargatintas Chokkor,Cargatintas Shachi,Concentraceur griffé,Concentraceur Arki,Splatter a carica logo,Firefin Bloplader,Сплатган «Фритюр»,火河豚绿色狙击枪,火河豚綠色狙擊槍
チャージャー,チャージャー,splatscope,2020,,スプラスコープ,スプスコ, スプラッシュボム, ハイパープレッサー, スプラチャージャー, スプラスコープ,ダメージアップ,Ziel-Konzentrator,Splatterscope,Splatterscope,Cargatintas con mira,Telecargatintas,Concentraceur zoom,Concentraceur zoom,Splatter con mirino,Schelpschutter,Снайпокрас,带镜狙击枪,帶鏡狙擊槍
チャージャー,チャージャー,splatscope_becchu,2022,,スプラスコープベッチュー,別注スコ, スプリンクラー, イカスフィア, スプラチャージャー, スプラスコープベッチュー,ダメージアップ,Kensa-Ziel-Konzentrator,Kensa Splatterscope,Kensa Splatterscope,Cargatintas con mira elegante,Telecargatintas Tonken,Concentraceur zoom K,Concentraceur zoom Thony K,Splatter con mirino Nero Marlin,Toni Kensa Schelpschutter,Снайпокрас от С. Кусаки,剑乌贼丸贴牌带镜狙击枪,劍烏賊丸貼牌帶鏡狙擊槍
チャージャー,チャージャー,splatscope_collabo,2021,,スプラスコープコラボ,スココラ, スプラッシュシールド, キューバンボムピッチャー, スプラチャージャー, スプラスコープコラボ,ダメージアップ,Rilax-Ziel-Konzentrator,Firefin Splatterscope,Firefin Splatterscope,Cargatintas con mira Chokkor,Telecargatintas Shachi,Concentraceur zoom griffé,Concentraceur zoom Arki,Splatter con mirino logo,Firefin-Schelpschutter,Снайпокрас «Фритюр»,火河豚带镜狙击枪,火河豚帶鏡狙擊槍
チャージャー,チャージャー,squiclean_a,2000,,スクイックリンα,スクイクα, ポイントセンサー, インクアーマー, スクイックリンα, スクイックリンα,射程アップ,Sepiator α,Classic Squiffer,Classic Squiffer,Kalarrapid α,Delineador X,Décap'express Alpha,Lignizateur alpha,Kalamarapid α,Octopoets,Стиратель,经典洗洁精狙击枪,經典洗潔精狙擊槍
チャージャー,チャージャー,squiclean_b,2001,,スクイックリンβ,スクイクβ, ロボットボム, イカスフィア, スクイックリンα, スクイックリンβ,射程アップ,Sepiator β,New Squiffer,New Squiffer,Kalarrapid β,Delineador Y,Décap'express Bêta,Lignizateur bêta,Kalamarapid β,Octopoets Ultra,Стиратель-II,新式洗洁精狙击枪,新式洗潔精狙擊槍
チャージャー,チャージャー,squiclean_g,2002,,スクイックリンγ,スクイクγ, キューバンボム, ジェットパック, スクイックリンα, スクイックリンγ,射程アップ,Sepiator γ,Fresh Squiffer,Fresh Squiffer,Kalarrapid γ,Delineador Z,Décap'express Gamma,Lignizateur gamma,Kalamarapid γ,Octopoets Gamma,Стиратель «Свежесть»,新鲜贴牌洗洁精狙击枪,新鮮貼牌洗潔精狙擊槍
スロッシャー,スロッシャー,bucketslosher,3000,,バケットスロッシャー,バケスロ, キューバンボム, マルチミサイル, バケットスロッシャー, バケットスロッシャー,高低差によるダメージ減衰の緩和,Schwapper,Slosher,Slosher,Derramatic,Derramatic,Seauceur,Seauceur,Secchiostro,Morser,Ведроган,红色水桶,紅色水桶
スロッシャー,スロッシャー,bucketslosher_deco,3001,,バケットスロッシャーデコ,バケデコ, スプリンクラー, イカスフィア, バケットスロッシャー, バケットスロッシャーデコ,高低差によるダメージ減衰の緩和,Schwapper Deko,Slosher Deco,Slosher Deco,Derramatic DX,Derramatic chic,Seauceur chic,Seauceur chic,Secchiostro DX,Morser Deco,Ведроган «Деко»,德科贴牌红色水桶,德科貼牌紅色水桶
スロッシャー,スロッシャー,bucketslosher_soda,3002,,バケットスロッシャーソーダ,ソーダ, スプラッシュボム, クイックボムピッチャー, バケットスロッシャー, バケットスロッシャーソーダ,高低差によるダメージ減衰の緩和,Sprudel-Schwapper,Soda Slosher,Soda Slosher,Derramatic centella,Derramatic burbujeante,Seauceur Diabolo,Seauceur pétillant,Secchiostro frizzante,Bruismorser,Ведроган «Содовый»,苏打水桶,蘇打水桶
スロッシャー,スロッシャー,explosher,3040,,エクスプロッシャー,エクス, スプリンクラー, バブルランチャー, エクスプロッシャー, エクスプロッシャー,塗り性能アップ,Knall-Schwapper,Explosher,Explosher,Derramatic turbo,Derramatic XP,Détoneur,Détoneur,Termosecchiostro,Kliederkachel,Шпарган,重桶,重桶
スロッシャー,スロッシャー,explosher_custom,3041,,エクスプロッシャーカスタム,エクカス, ポイントセンサー, イカスフィア, エクスプロッシャー, エクスプロッシャーカスタム,塗り性能アップ,Knall-Schwapper SE,Custom Explosher,Custom Explosher,Derramatic turbo SP,Derramatic XP adaptado,Détoneur modifié,Détoneur modifié,Termosecchiostro master,Gemodde Kliederkachel,Шпарган «Понт»,自制重桶,自制重桶
スロッシャー,スロッシャー,furo,3030,,オーバーフロッシャー,お風呂, スプラッシュシールド, アメフラシ, オーバーフロッシャー, オーバーフロッシャー,塗り性能アップ,Wannen-Schwapper,Bloblobber,Bloblobber,Derramatic baño,Derramatic baño,Bassineur,Bassineur,Secchiostro vasca,Spatkuip,Ваннаган,浴缸,浴缸
スロッシャー,スロッシャー,furo_deco,3031,,オーバーフロッシャーデコ,お風呂デコ, スプリンクラー, キューバンボムピッチャー, オーバーフロッシャー, オーバーフロッシャーデコ,塗り性能アップ,Wannen-Schwapper Deko,Bloblobber Deco,Bloblobber Deco,Derramatic baño DX,Derramatic baño chic,Bassineur chic,Bassineur chic,Secchiostro vasca DX,Spatkuip Deco,Ваннаган «Деко»,德科贴牌浴缸,德科貼牌浴缸
スロッシャー,スロッシャー,heroslosher_replica,3005,,ヒーロースロッシャー レプリカ,ヒロスロ, キューバンボム, マルチミサイル, バケットスロッシャー, バケットスロッシャー,高低差によるダメージ減衰の緩和,Helden-Schwapper Replik,Hero Slosher Replica,Hero Slosher Replica,Derramatic de élite (réplica),Derramatic de élite réplica,Hero Slosher Replica,Hero Slosher Replica,Secchiostro élite replica,Heldenmorser (replica),Ведроган-004 (клон),复刻英雄痛,復刻英雄痛
スロッシャー,スロッシャー,hissen,3010,,ヒッセン,, クイックボム, インクアーマー, ヒッセン, ヒッセン,塗り性能アップ,3R-Schwapper,Tri-Slosher,Tri-Slosher,Derramatic triple,Derramatic triple,Dépoteur,Seauceur trio,Secchiostro triplo,Triomorser,Ведроган 3 в 1,绿色水桶,綠色水桶
スロッシャー,スロッシャー,hissen_hue,3011,,ヒッセン・ヒュー,ヒッヒュー, スプラッシュボム, アメフラシ, ヒッセン, ヒッセン・ヒュー,塗り性能アップ,3R-Schwapper Fresco,Tri-Slosher Nouveau,Tri-Slosher Nouveau,Derramatic triple maestro,Derramatic triple maestro,Dépoteur nuancé,Seauceur nuancé,Secchiostro triplo master,Triomorser Nouveau,Ведроган 3 в 1 «НуВо»,绿色水桶 Nouveau,綠色水桶 Nouveau
スロッシャー,スロッシャー,screwslosher,3020,,スクリュースロッシャー,スクスロ, ロボットボム, ハイパープレッサー, スクリュースロッシャー, スクリュースロッシャー,塗り性能アップ,Trommel-Schwapper,Sloshing Machine,Sloshing Machine,Derramatic centrífugo,Derramatic centrífugo,Encrifugeur,Encrifugeur,Secchiostro centrifuga,Klotstrommel,Центрифугер,重型水桶,重型水桶
スロッシャー,スロッシャー,screwslosher_becchu,3022,,スクリュースロッシャーベッチュー,別注スクスロ, タンサンボム, スーパーチャクチ, スクリュースロッシャー, スクリュースロッシャーベッチュー,塗り性能アップ,Kensa-Trommel-Schwapper,Kensa Sloshing Machine,Kensa Sloshing Machine,Derramatic centrífugo elegante,Derramatic centrífugo Tonken,Encrifugeur K,Encrifugeur Thony K,Secchiostro centrifuga Nero Marlin,Toni Kensa Klotstrommel,Центрифугер от С. Кусаки,剑乌贼丸贴牌重型水桶,劍烏賊丸貼牌重型水桶
スロッシャー,スロッシャー,screwslosher_neo,3021,,スクリュースロッシャーネオ,スネオ, ポイントセンサー, スプラッシュボムピッチャー, スクリュースロッシャー, スクリュースロッシャーネオ,塗り性能アップ,Trommel-Schwapper Neo,Sloshing Machine Neo,Sloshing Machine Neo,Derramatic centrífugo neo,Derramatic centrífugo neo,Encrifugeur Néo,Encrifugeur néo,Secchiostro centrifuga Neo,Klotstrommel Neo,Центрифугер «Нео»,新式重型水桶,新式重型水桶
スピナー,スピナー,barrelspinner,4010,,バレルスピナー,バレスピ, スプリンクラー, ハイパープレッサー, バレルスピナー, バレルスピナー,射撃継続時間アップ,Splatling,Heavy Splatling,Heavy Splatling,Tintralladora,Garabateador Pro,Badigeonneur,Badigeonneur,Splatling a tanica,Spetling,Брызгомет XL,重型加特林,重型加特林
スピナー,スピナー,barrelspinner_deco,4011,,バレルスピナーデコ,バレデコ, スプラッシュシールド, バブルランチャー, バレルスピナー, バレルスピナーデコ,射撃継続時間アップ,Splatling Deko,Heavy Splatling Deco,Heavy Splatling Deco,Tintralladora DX,Garabateador Pro chic,Badigeonneur chic,Badigeonneur chic,Splatling a tanica DX,Spetling Deco,Брызгомет XL «Деко»,德科贴牌重型加特林,德科貼牌重型加特林
スピナー,スピナー,barrelspinner_remix,4012,,バレルスピナーリミックス,バレミク, ポイントセンサー, ナイスダマ, バレルスピナー, バレルスピナーリミックス,射撃継続時間アップ,Splatling Ultrabass,Heavy Splatling Remix,Heavy Splatling Remix,Tintralladora tecno,Garabateador Pro festivo,Badigeonneur Disco,Badigeonneur Disco,Splatling a tanica techno,Spetling Remix,Брызгомет XL «Ремикс»,混音贴牌重型加特林,混音貼牌重型加特林
スピナー,スピナー,herospinner_replica,4015,,ヒーロースピナー レプリカ,ヒロスピ, スプリンクラー, ハイパープレッサー, バレルスピナー, バレルスピナー,射撃継続時間アップ,Helden-Splatling Replik,Hero Splatling Replica,Hero Splatling Replica,Tintralladora de élite (réplica),Garabateador de élite réplica,Hero Splatling Replica,Hero Splatling Replica,Splatling élite replica,Helden-Spetling (replica),Брызгомет-004 (клон),复刻英雄加特林,復刻英雄加特林
スピナー,スピナー,hydra,4020,,ハイドラント,ハイドラ, ロボットボム, スーパーチャクチ, ハイドラント, ハイドラント,ダメージアップ,Hydrant,Hydra Splatling,Hydra Splatling,Extintador,Garabateador HD,Exteinteur,Exteinteur,Idrante,Blusling,Брызгомет «Горыныч»,消防栓,消防栓
スピナー,スピナー,hydra_custom,4021,,ハイドラントカスタム,ハイカス, トラップ, インクアーマー, ハイドラント, ハイドラントカスタム,ダメージアップ,Hydrant SE,Custom Hydra Splatling,Custom Hydra Splatling,Extintador SP,Garabateador HD adaptado,Exteinteur modifié,Exteinteur modifié,Idrante CM,Gemodde Blusling,«Понт-Горыныч»,自制消防栓,自制消防栓
スピナー,スピナー,kugelschreiber,4030,,クーゲルシュライバー,クーゲル, ポイズンミスト, ジェットパック, クーゲルシュライバー, クーゲルシュライバー,ダメージアップ,Kuli-Splatling,Ballpoint Splatling,Ballpoint Splatling,Ametrallógrafo,Garabateador PLM,Badigeonneur stylo,Badigeonneur stylo,Tetrapenna,Stylospetling,Кугельшрайбер,圆珠笔加特林,圓珠筆加特林
スピナー,スピナー,kugelschreiber_hue,4031,,クーゲルシュライバー・ヒュー,クゲヒュー, ジャンプビーコン, アメフラシ, クーゲルシュライバー, クーゲルシュライバー・ヒュー,ダメージアップ,Kuli-Splatling Fresco,Ballpoint Splatling Nouveau,Ballpoint Splatling Nouveau,Ametrallógrafo maestro,Garabateador PLM maestro,Badigeonneur stylo nuancé,Badigeonneur stylo nuancé,Tetrapenna master,Stylospetling Nouveau,Кугельшрайбер «НуВо»,新式圆珠笔加特林,新式圓珠筆加特林
スピナー,スピナー,nautilus47,4040,,ノーチラス47,ノーチ47, ポイントセンサー, イカスフィア, ノーチラス47, ノーチラス47,射撃継続時間アップ,Nautilus 47,Nautilus 47,Nautilus 47,Subtralladora 47,Nautilo 47,Nautilus 47,Nautilus 47,Nautilus 47,Nautilus 47,Наутилус-47,47式鹦鹉螺,47式鸚鵡螺
スピナー,スピナー,nautilus79,4041,,ノーチラス79,ノーチ79, キューバンボム, ジェットパック, ノーチラス47, ノーチラス79,射撃継続時間アップ,Nautilus 79,Nautilus 79,Nautilus 79,Subtralladora 79,Nautilo 79,Nautilus 79,Nautilus 79,Nautilus 79,Nautilus 79,Наутилус-79,79式鹦鹉螺,79式鸚鵡螺
スピナー,スピナー,splatspinner,4000,,スプラスピナー,スプスピ, クイックボム, マルチミサイル, スプラスピナー, スプラスピナー,射撃継続時間アップ,Klecks-Splatling,Mini Splatling,Mini Splatling,Tintralladora ligera,Garabateador,Badigeonneur XS,Badigeonneur XP,Mini splatling,Mini-Spetling,Брызгомет-М,迷你加特林,迷你加特林
スピナー,スピナー,splatspinner_becchu,4002,,スプラスピナーベッチュー,別注スピ, ポイズンミスト, ウルトラハンコ, スプラスピナー, スプラスピナーベッチュー,射撃継続時間アップ,Kensa-Klecks-Splatling,Kensa Mini Splatling,Kensa Mini Splatling,Tintralladora ligera elegante,Garabateador Tonken,Badigeonneur XS K,Badigeonneur XP Thony K,Mini splatling Nero Marlin,Toni Kensa Mini-Spetling,Брызгомет-М от С. Кусаки,剑乌贼丸贴牌迷你加特林,劍烏賊丸貼牌迷你加特林
スピナー,スピナー,splatspinner_collabo,4001,,スプラスピナーコラボ,スピコラ, カーリングボム, アメフラシ, スプラスピナー, スプラスピナーコラボ,射撃継続時間アップ,Sagitron-Klecks-Splatling,Zink Mini Splatling,Zink Mini Splatling,Tintralladora ligera B,Garabateador Tintaz,Badigeonneur XS griffé,Badigeonneur XP Leviathus,Mini splatling logo,Zink Mini-Spetling,Брызгомет-М «Шпротус»,真可贴牌迷你加特林,真可貼牌迷你加特林
シェルター,シェルター,campingshelter,6010,,キャンピングシェルター,キャンプ, ジャンプビーコン, バブルランチャー, キャンピングシェルター, キャンピングシェルター,カサ耐久力アップ,Camp-Pluviator,Tenta Brella,Tenta Brella,Paratintas maxi,Paratintas forestal,Para-encre XL,Méga para-encre,Sparatenda,Kampeerplenzer,Зонтент,野营伞,野營傘
シェルター,シェルター,campingshelter_camo,6012,,キャンピングシェルターカーモ,カーモ, トラップ, ウルトラハンコ, キャンピングシェルター, キャンピングシェルターカーモ,カサ耐久力アップ,Camp-Pluviator Camo,Tenta Camo Brella,Tenta Camo Brella,Paratintas maxi camuflaje,Paratintas forestal camuflaje,Para-encre XL treillis,Para-encre XL camo,Sparatenda mimetico,Kampeerplenzer Camo,Зонтент «Спецназ»,迷彩野营伞,迷彩野營傘
シェルター,シェルター,campingshelter_sorella,6011,,キャンピングシェルターソレーラ,キャンソレ, スプラッシュシールド, カーリングボムピッチャー, キャンピングシェルター, キャンピングシェルターソレーラ,カサ耐久力アップ,Sorella-Camp-Pluviator,Tenta Sorella Brella,Tenta Sorella Brella,Paratintas maxi B,Paratintas forestal Sorella,Para-encre XL Sorella,Méga para-encre Sorella,Sparatenda Solerra,Sorella Kampeerplenzer,Зонтент «Родиччи»,贴牌迷彩野营伞,貼牌迷彩野營傘
シェルター,シェルター,heroshelter_replica,6005,,ヒーローシェルター レプリカ,ヒロ傘, スプリンクラー, アメフラシ, パラシェルター, パラシェルター,カサ復活時間短縮,Helden-Pluviator Replik,Hero Brella Replica,Hero Brella Replica,Paratintas de élite (réplica),Paratintas de élite réplica,Hero Brella Replica,Hero Brella Replica,Sparasole élite replica,Heldenplenzer (replica),Зонтган-004 (клон),复刻英雄伞枪,復刻英雄傘槍
シェルター,シェルター,parashelter,6000,,パラシェルター,パラシェル, スプリンクラー, アメフラシ, パラシェルター, パラシェルター,カサ復活時間短縮,Parapluviator,Splat Brella,Splat Brella,Paratintas,Paratintas,Para-encre,Para-encre,Sparasole,Plenzer,Сплат-зонт,伞枪,傘槍
シェルター,シェルター,parashelter_sorella,6001,,パラシェルターソレーラ,ソレーラ, ロボットボム, スプラッシュボムピッチャー, パラシェルター, パラシェルターソレーラ,カサ復活時間短縮,Sorella-Parapluviator,Sorella Brella,Sorella Brella,Paratintas B,Paratintas Sorella,Para-encre Sorella,Para-encre Sorella,Sparasole Solerra,Sorella Plenzer,Зонтган «Родиччи»,贴牌遮阳伞,貼牌遮陽傘
シェルター,シェルター,spygadget,6020,,スパイガジェット,スパイ, トラップ, スーパーチャクチ, スパイガジェット, スパイガジェット,カサ復活時間短縮,UnderCover,Undercover Brella,Undercover Brella,Paratintas clásico,Paratintas discreto,Para-encre espion,Para-encre espion,Bombrello,Paraplenzer,Шпионский зонт,间谍伞,間諜傘
シェルター,シェルター,spygadget_becchu,6022,,スパイガジェットベッチュー,別注スパイ, トーピード, インクアーマー, スパイガジェット, スパイガジェットベッチュー,カサ復活時間短縮,Kensa-UnderCover,Kensa Undercover Brella,Kensa Undercover Brella,Paratintas clásico elegante,Paratintas discreto Tonken,Para-encre espion K,Para-encre espion Thony K,Bombrello Nero Marlin,Toni Kensa Paraplenzer,Шпионский зонт от С. К.,剑乌贼丸贴牌间谍伞,劍烏賊丸貼牌間諜傘
シェルター,シェルター,spygadget_sorella,6021,,スパイガジェットソレーラ,スパソレ, スプラッシュボム, イカスフィア, スパイガジェット, スパイガジェットソレーラ,カサ復活時間短縮,Sorella-UnderCover,Undercover Sorella Brella,Undercover Sorella Brella,Paratintas clásico B,Paratintas discreto Sorella,Para-encre espion Sorella,Para-encre espion Sorella,Bombrello Solerra,Sorella Paraplenzer,Шпионский зонт «Родиччи»,贴牌间谍伞,貼牌間諜傘